starttime,location,value
2021-10-19 00:00:00,Broadway/35th St,2.796912
2021-10-19 00:00:00,Queens College,2.52744
2021-10-19 00:00:00,Cross Bronx Expy,3.528336
2021-10-19 00:00:00,Queensboro Bridge,2.758416
2021-10-19 00:00:00,Williamsburg Bridge,3.711192
2021-10-19 00:00:00,Manhattan Bridge,3.422472
2021-10-19 01:00:00,Broadway/35th St,3.0775875
2021-10-19 01:00:00,Queens College,2.52825
2021-10-19 01:00:00,Cross Bronx Expy,3.2703375
2021-10-19 01:00:00,Queensboro Bridge,2.75955
2021-10-19 01:00:00,Williamsburg Bridge,3.588375
2021-10-19 01:00:00,Manhattan Bridge,3.0775875
2021-10-19 02:00:00,Broadway/35th St,2.991822
2021-10-19 02:00:00,Queens College,2.605962
2021-10-19 02:00:00,Cross Bronx Expy,3.68637
2021-10-19 02:00:00,Queensboro Bridge,2.895357
2021-10-19 02:00:00,Williamsburg Bridge,4.0625835
2021-10-19 02:00:00,Manhattan Bridge,3.821421
2021-10-19 03:00:00,Broadway/35th St,3.282459
2021-10-19 03:00:00,Queens College,2.7900285
2021-10-19 03:00:00,Cross Bronx Expy,3.996966
2021-10-19 03:00:00,Queensboro Bridge,3.5238465
2021-10-19 03:00:00,Williamsburg Bridge,4.730784
2021-10-19 03:00:00,Manhattan Bridge,5.0107935
2021-10-19 04:00:00,Broadway/35th St,3.8539065
2021-10-19 04:00:00,Queens College,3.1387335
2021-10-19 04:00:00,Cross Bronx Expy,4.868679
2021-10-19 04:00:00,Queensboro Bridge,3.1000755
2021-10-19 04:00:00,Williamsburg Bridge,4.0665255
2021-10-19 04:00:00,Manhattan Bridge,4.84935
2021-10-19 05:00:00,Broadway/35th St,4.3393545
2021-10-19 05:00:00,Queens College,4.1071905
2021-10-19 05:00:00,Cross Bronx Expy,4.7456415
2021-10-19 05:00:00,Queensboro Bridge,3.284943
2021-10-19 05:00:00,Williamsburg Bridge,5.8290735
2021-10-19 05:00:00,Manhattan Bridge,6.78675
2021-10-19 06:00:00,Broadway/35th St,7.640664
2021-10-19 06:00:00,Queens College,3.169428
2021-10-19 06:00:00,Cross Bronx Expy,5.201808
2021-10-19 06:00:00,Queensboro Bridge,4.582416
2021-10-19 06:00:00,Williamsburg Bridge,5.588928
2021-10-19 06:00:00,Manhattan Bridge,6.808356
2021-10-19 07:00:00,Broadway/35th St,6.415707
2021-10-19 07:00:00,Queens College,4.972344
2021-10-19 07:00:00,Cross Bronx Expy,4.972344
2021-10-19 07:00:00,Queensboro Bridge,4.546116
2021-10-19 07:00:00,Williamsburg Bridge,5.72793
2021-10-19 07:00:00,Manhattan Bridge,6.512577
2021-10-19 08:00:00,Broadway/35th St,5.110896
2021-10-19 08:00:00,Queens College,4.073424
2021-10-19 08:00:00,Cross Bronx Expy,6.36168
2021-10-19 08:00:00,Queensboro Bridge,5.033328
2021-10-19 08:00:00,Williamsburg Bridge,6.94344
2021-10-19 08:00:00,Manhattan Bridge,6.982224
2021-10-19 09:00:00,Broadway/35th St,5.586
2021-10-19 09:00:00,Queens College,4.257648
2021-10-19 09:00:00,Cross Bronx Expy,5.1012
2021-10-19 09:00:00,Queensboro Bridge,4.461264
2021-10-19 09:00:00,Williamsburg Bridge,13.022832
2021-10-19 09:00:00,Manhattan Bridge,7.108272
2021-10-19 10:00:00,Broadway/35th St,5.24817
2021-10-19 10:00:00,Queens College,4.122912
2021-10-19 10:00:00,Cross Bronx Expy,5.1220635
2021-10-19 10:00:00,Queensboro Bridge,4.1132115
2021-10-19 10:00:00,Williamsburg Bridge,6.625641
2021-10-19 10:00:00,Manhattan Bridge,7.304676
2021-10-19 11:00:00,Broadway/35th St,5.771997
2021-10-19 11:00:00,Queens College,4.0938105
2021-10-19 11:00:00,Cross Bronx Expy,5.2966725
2021-10-19 11:00:00,Queensboro Bridge,4.3848255
2021-10-19 11:00:00,Williamsburg Bridge,6.179418
2021-10-19 11:00:00,Manhattan Bridge,8.0710155
2021-10-19 12:00:00,Broadway/35th St,6.148368
2021-10-19 12:00:00,Queens College,4.723056
2021-10-19 12:00:00,Cross Bronx Expy,4.8588
2021-10-19 12:00:00,Queensboro Bridge,4.897584
2021-10-19 12:00:00,Williamsburg Bridge,6.885264
2021-10-19 12:00:00,Manhattan Bridge,7.147056
2021-10-19 13:00:00,Broadway/35th St,5.8907775000000004
2021-10-19 13:00:00,Queens College,5.16459
2021-10-19 13:00:00,Cross Bronx Expy,4.77729
2021-10-19 13:00:00,Queensboro Bridge,4.409355
2021-10-19 13:00:00,Williamsburg Bridge,6.5685525
2021-10-19 13:00:00,Manhattan Bridge,5.997285
2021-10-19 14:00:00,Broadway/35th St,5.31168
2021-10-19 14:00:00,Queens College,3.90132
2021-10-19 14:00:00,Cross Bronx Expy,4.54854
2021-10-19 14:00:00,Queensboro Bridge,4.38432
2021-10-19 14:00:00,Williamsburg Bridge,6.06516
2021-10-19 14:00:00,Manhattan Bridge,6.09414
2021-10-19 15:00:00,Broadway/35th St,4.663968
2021-10-19 15:00:00,Queens College,3.740064
2021-10-19 15:00:00,Cross Bronx Expy,4.250136
2021-10-19 15:00:00,Queensboro Bridge,4.40412
2021-10-19 15:00:00,Williamsburg Bridge,5.684112
2021-10-19 15:00:00,Manhattan Bridge,5.712984
2021-10-19 16:00:00,Broadway/35th St,5.171568
2021-10-19 16:00:00,Queens College,3.982656
2021-10-19 16:00:00,Cross Bronx Expy,4.567524
2021-10-19 16:00:00,Queensboro Bridge,4.912692
2021-10-19 16:00:00,Williamsburg Bridge,6.12078
2021-10-19 16:00:00,Manhattan Bridge,6.628944
2021-10-19 17:00:00,Broadway/35th St,5.0911275
2021-10-19 17:00:00,Queens College,4.43235
2021-10-19 17:00:00,Cross Bronx Expy,4.66149
2021-10-19 17:00:00,Queensboro Bridge,5.88357
2021-10-19 17:00:00,Williamsburg Bridge,7.33479
2021-10-19 17:00:00,Manhattan Bridge,8.766915
2021-10-19 18:00:00,Broadway/35th St,5.758698
2021-10-19 18:00:00,Queens College,4.89438
2021-10-19 18:00:00,Cross Bronx Expy,3.583656
2021-10-19 18:00:00,Queensboro Bridge,6.528036
2021-10-19 18:00:00,Williamsburg Bridge,9.367938
2021-10-19 18:00:00,Manhattan Bridge,9.291954
2021-10-19 19:00:00,Broadway/35th St,5.688042
2021-10-19 19:00:00,Queens College,5.499252
2021-10-19 19:00:00,Cross Bronx Expy,3.988932
2021-10-19 19:00:00,Queensboro Bridge,7.179483
2021-10-19 19:00:00,Williamsburg Bridge,7.9818405
2021-10-19 19:00:00,Manhattan Bridge,8.9257905
2021-10-19 20:00:00,Broadway/35th St,5.569329
2021-10-19 20:00:00,Queens College,6.113166
2021-10-19 20:00:00,Cross Bronx Expy,5.419305
2021-10-19 20:00:00,Queensboro Bridge,5.8412475
2021-10-19 20:00:00,Williamsburg Bridge,7.7915595
2021-10-19 20:00:00,Manhattan Bridge,7.838442
2021-10-19 21:00:00,Broadway/35th St,5.39766
2021-10-19 21:00:00,Queens College,5.453568
2021-10-19 21:00:00,Cross Bronx Expy,4.195638
2021-10-19 21:00:00,Queensboro Bridge,5.44425
2021-10-19 21:00:00,Williamsburg Bridge,6.478548
2021-10-19 21:00:00,Manhattan Bridge,6.730134
2021-10-19 22:00:00,Broadway/35th St,4.754265
2021-10-19 22:00:00,Queens College,4.80054
2021-10-19 22:00:00,Cross Bronx Expy,4.957875
2021-10-19 22:00:00,Queensboro Bridge,5.198505
2021-10-19 22:00:00,Williamsburg Bridge,10.899585
2021-10-19 22:00:00,Manhattan Bridge,5.76306
2021-10-19 23:00:00,Broadway/35th St,4.52376
2021-10-19 23:00:00,Queens College,4.413456
2021-10-19 23:00:00,Cross Bronx Expy,4.358304
2021-10-19 23:00:00,Queensboro Bridge,4.643256
2021-10-19 23:00:00,Williamsburg Bridge,8.1546
2021-10-19 23:00:00,Manhattan Bridge,5.746296
2021-10-20 00:00:00,Broadway/35th St,4.4799795
2021-10-20 00:00:00,Queens College,4.4982465
2021-10-20 00:00:00,Cross Bronx Expy,5.4481305
2021-10-20 00:00:00,Queensboro Bridge,4.361244
2021-10-20 00:00:00,Williamsburg Bridge,5.493798
2021-10-20 00:00:00,Manhattan Bridge,5.457264
2021-10-20 01:00:00,Broadway/35th St,4.6466115
2021-10-20 01:00:00,Queens College,4.4105445
2021-10-20 01:00:00,Cross Bronx Expy,8.160378
2021-10-20 01:00:00,Queensboro Bridge,4.655691
2021-10-20 01:00:00,Williamsburg Bridge,5.618118
2021-10-20 01:00:00,Manhattan Bridge,5.2095405
2021-10-20 02:00:00,Broadway/35th St,4.45131
2021-10-20 02:00:00,Queens College,4.5687
2021-10-20 02:00:00,Cross Bronx Expy,6.43791
2021-10-20 02:00:00,Queensboro Bridge,4.50549
2021-10-20 02:00:00,Williamsburg Bridge,5.59812
2021-10-20 02:00:00,Manhattan Bridge,5.21886
2021-10-20 03:00:00,Broadway/35th St,4.4375985
2021-10-20 03:00:00,Queens College,4.428618
2021-10-20 03:00:00,Cross Bronx Expy,7.3293195
2021-10-20 03:00:00,Queensboro Bridge,4.7968185
2021-10-20 03:00:00,Williamsburg Bridge,5.5511805
2021-10-20 03:00:00,Manhattan Bridge,5.632005
2021-10-20 04:00:00,Broadway/35th St,4.79292
2021-10-20 04:00:00,Queens College,4.56942
2021-10-20 04:00:00,Cross Bronx Expy,7.46598
2021-10-20 04:00:00,Queensboro Bridge,4.73034
2021-10-20 04:00:00,Williamsburg Bridge,6.0624
2021-10-20 04:00:00,Manhattan Bridge,6.39318
2021-10-20 05:00:00,Broadway/35th St,4.869036
2021-10-20 05:00:00,Queens College,4.8245385
2021-10-20 05:00:00,Cross Bronx Expy,7.3163985
2021-10-20 05:00:00,Queensboro Bridge,4.5397545
2021-10-20 05:00:00,Williamsburg Bridge,6.9070215
2021-10-20 05:00:00,Manhattan Bridge,8.2953435
2021-10-20 06:00:00,Broadway/35th St,5.732793
2021-10-20 06:00:00,Queens College,5.927691
2021-10-20 06:00:00,Cross Bronx Expy,6.893322
2021-10-20 06:00:00,Queensboro Bridge,4.731726
2021-10-20 06:00:00,Williamsburg Bridge,8.346198
2021-10-20 06:00:00,Manhattan Bridge,8.833443
2021-10-20 07:00:00,Broadway/35th St,6.462768
2021-10-20 07:00:00,Queens College,6.462768
2021-10-20 07:00:00,Cross Bronx Expy,7.969962
2021-10-20 07:00:00,Queensboro Bridge,5.969184
2021-10-20 07:00:00,Williamsburg Bridge,8.69271
2021-10-20 07:00:00,Manhattan Bridge,9.212736
2021-10-20 08:00:00,Broadway/35th St,7.6206315
2021-10-20 08:00:00,Queens College,7.769628
2021-10-20 08:00:00,Cross Bronx Expy,6.9895875
2021-10-20 08:00:00,Queensboro Bridge,6.33225
2021-10-20 08:00:00,Williamsburg Bridge,8.6022555
2021-10-20 08:00:00,Manhattan Bridge,10.030869
2021-10-20 09:00:00,Broadway/35th St,7.0509075
2021-10-20 09:00:00,Queens College,7.042188
2021-10-20 09:00:00,Cross Bronx Expy,7.2252975
2021-10-20 09:00:00,Queensboro Bridge,6.623652
2021-10-20 09:00:00,Williamsburg Bridge,9.919623
2021-10-20 09:00:00,Manhattan Bridge,11.1141945
2021-10-20 10:00:00,Broadway/35th St,6.30234
2021-10-20 10:00:00,Queens College,7.31673
2021-10-20 10:00:00,Cross Bronx Expy,7.22136
2021-10-20 10:00:00,Queensboro Bridge,6.12894
2021-10-20 10:00:00,Williamsburg Bridge,8.40048
2021-10-20 10:00:00,Manhattan Bridge,10.62867
2021-10-20 11:00:00,Broadway/35th St,6.725757
2021-10-20 11:00:00,Queens College,6.77748
2021-10-20 11:00:00,Cross Bronx Expy,6.9757515
2021-10-20 11:00:00,Queensboro Bridge,5.674056
2021-10-20 11:00:00,Williamsburg Bridge,8.691231
2021-10-20 11:00:00,Manhattan Bridge,9.380871
2021-10-20 12:00:00,Broadway/35th St,6.9100035
2021-10-20 12:00:00,Queens College,6.4645455
2021-10-20 12:00:00,Cross Bronx Expy,6.113319
2021-10-20 12:00:00,Queensboro Bridge,5.9676885
2021-10-20 12:00:00,Williamsburg Bridge,7.980816
2021-10-20 12:00:00,Manhattan Bridge,8.8460325
2021-10-20 13:00:00,Broadway/35th St,6.6233625
2021-10-20 13:00:00,Queens College,5.2954125
2021-10-20 13:00:00,Cross Bronx Expy,5.8998
2021-10-20 13:00:00,Queensboro Bridge,5.4912
2021-10-20 13:00:00,Williamsburg Bridge,8.027925
2021-10-20 13:00:00,Manhattan Bridge,7.6278375
2021-10-20 14:00:00,Broadway/35th St,6.613113
2021-10-20 14:00:00,Queens College,4.810494
2021-10-20 14:00:00,Cross Bronx Expy,5.402904
2021-10-20 14:00:00,Queensboro Bridge,5.546775
2021-10-20 14:00:00,Williamsburg Bridge,7.755618
2021-10-20 14:00:00,Manhattan Bridge,7.36632
2021-10-20 15:00:00,Broadway/35th St,5.28531
2021-10-20 15:00:00,Queens College,4.47675
2021-10-20 15:00:00,Cross Bronx Expy,5.201085
2021-10-20 15:00:00,Queensboro Bridge,4.10616
2021-10-20 15:00:00,Williamsburg Bridge,7.9215525
2021-10-20 15:00:00,Manhattan Bridge,7.84575
2021-10-20 16:00:00,Broadway/35th St,8.7201165
2021-10-20 16:00:00,Queens College,4.2011265
2021-10-20 16:00:00,Cross Bronx Expy,5.6237715
2021-10-20 16:00:00,Queensboro Bridge,4.6530255
2021-10-20 16:00:00,Williamsburg Bridge,7.5485265
2021-10-20 16:00:00,Manhattan Bridge,9.0548565
2021-10-20 17:00:00,Broadway/35th St,7.715067
2021-10-20 17:00:00,Queens College,5.11122
2021-10-20 17:00:00,Cross Bronx Expy,6.092862
2021-10-20 17:00:00,Queensboro Bridge,7.19097
2021-10-20 17:00:00,Williamsburg Bridge,9.295677
2021-10-20 17:00:00,Manhattan Bridge,10.368828
2021-10-20 18:00:00,Broadway/35th St,7.08267
2021-10-20 18:00:00,Queens College,7.2234045
2021-10-20 18:00:00,Cross Bronx Expy,8.4982935
2021-10-20 18:00:00,Queensboro Bridge,8.158875
2021-10-20 18:00:00,Williamsburg Bridge,8.9950035
2021-10-20 18:00:00,Manhattan Bridge,13.0680255
2021-10-20 19:00:00,Broadway/35th St,6.6451035
2021-10-20 19:00:00,Queens College,7.0246725
2021-10-20 19:00:00,Cross Bronx Expy,6.8596425
2021-10-20 19:00:00,Queensboro Bridge,6.851391
2021-10-20 19:00:00,Williamsburg Bridge,8.732733
2021-10-20 19:00:00,Manhattan Bridge,11.4309735
2021-10-20 20:00:00,Broadway/35th St,6.13398
2021-10-20 20:00:00,Queens College,6.81624
2021-10-20 20:00:00,Cross Bronx Expy,6.81624
2021-10-20 20:00:00,Queensboro Bridge,6.85734
2021-10-20 20:00:00,Williamsburg Bridge,8.55066
2021-10-20 20:00:00,Manhattan Bridge,8.51778
2021-10-20 21:00:00,Broadway/35th St,5.87832
2021-10-20 21:00:00,Queens College,6.033816
2021-10-20 21:00:00,Cross Bronx Expy,7.130472
2021-10-20 21:00:00,Queensboro Bridge,5.984712
2021-10-20 21:00:00,Williamsburg Bridge,8.677248
2021-10-20 21:00:00,Manhattan Bridge,7.613328
2021-10-20 22:00:00,Broadway/35th St,5.441196
2021-10-20 22:00:00,Queens College,5.555394
2021-10-20 22:00:00,Cross Bronx Expy,7.072596
2021-10-20 22:00:00,Queensboro Bridge,5.473824
2021-10-20 22:00:00,Williamsburg Bridge,7.684371
2021-10-20 22:00:00,Manhattan Bridge,7.056282
2021-10-20 23:00:00,Broadway/35th St,5.6349285
2021-10-20 23:00:00,Queens College,5.8301565
2021-10-20 23:00:00,Cross Bronx Expy,7.8963195
2021-10-20 23:00:00,Queensboro Bridge,5.5861215
2021-10-20 23:00:00,Williamsburg Bridge,7.595343
2021-10-20 23:00:00,Manhattan Bridge,8.7911145
2021-10-21 00:00:00,Broadway/35th St,5.2659675
2021-10-21 00:00:00,Queens College,6.1415775
2021-10-21 00:00:00,Cross Bronx Expy,7.641465
2021-10-21 00:00:00,Queensboro Bridge,5.9145675
2021-10-21 00:00:00,Williamsburg Bridge,7.62525
2021-10-21 00:00:00,Manhattan Bridge,8.581935
2021-10-21 01:00:00,Broadway/35th St,5.41038
2021-10-21 01:00:00,Queens College,6.226965
2021-10-21 01:00:00,Cross Bronx Expy,7.04355
2021-10-21 01:00:00,Queensboro Bridge,5.60442
2021-10-21 01:00:00,Williamsburg Bridge,7.22142
2021-10-21 01:00:00,Manhattan Bridge,7.88439
2021-10-21 02:00:00,Broadway/35th St,5.410743
2021-10-21 02:00:00,Queens College,6.620793
2021-10-21 02:00:00,Cross Bronx Expy,7.137081
2021-10-21 02:00:00,Queensboro Bridge,5.612418
2021-10-21 02:00:00,Williamsburg Bridge,7.467828
2021-10-21 02:00:00,Manhattan Bridge,8.209992
2021-10-21 03:00:00,Broadway/35th St,5.443266
2021-10-21 03:00:00,Queens College,6.803547
2021-10-21 03:00:00,Cross Bronx Expy,7.688937
2021-10-21 03:00:00,Queensboro Bridge,6.545979
2021-10-21 03:00:00,Williamsburg Bridge,7.785525
2021-10-21 03:00:00,Manhattan Bridge,8.775552
2021-10-21 04:00:00,Broadway/35th St,5.4575805
2021-10-21 04:00:00,Queens College,7.1431455
2021-10-21 04:00:00,Cross Bronx Expy,7.9297425
2021-10-21 04:00:00,Queensboro Bridge,6.2120715
2021-10-21 04:00:00,Williamsburg Bridge,8.435412
2021-10-21 04:00:00,Manhattan Bridge,9.687546
2021-10-21 05:00:00,Broadway/35th St,5.7220035
2021-10-21 05:00:00,Queens College,8.260698
2021-10-21 05:00:00,Cross Bronx Expy,8.6531145
2021-10-21 05:00:00,Queensboro Bridge,5.9622585
2021-10-21 05:00:00,Williamsburg Bridge,9.1976925
2021-10-21 05:00:00,Manhattan Bridge,10.487061
2021-10-21 06:00:00,Broadway/35th St,6.1521
2021-10-21 06:00:00,Queens College,9.321684
2021-10-21 06:00:00,Cross Bronx Expy,8.529288
2021-10-21 06:00:00,Queensboro Bridge,6.19212
2021-10-21 06:00:00,Williamsburg Bridge,11.386716
2021-10-21 06:00:00,Manhattan Bridge,12.731388
2021-10-21 07:00:00,Broadway/35th St,7.33863
2021-10-21 07:00:00,Queens College,10.18485
2021-10-21 07:00:00,Cross Bronx Expy,9.505275
2021-10-21 07:00:00,Queensboro Bridge,7.490535
2021-10-21 07:00:00,Williamsburg Bridge,12.239565
2021-10-21 07:00:00,Manhattan Bridge,13.598715
2021-10-21 08:00:00,Broadway/35th St,7.926894
2021-10-21 08:00:00,Queens College,9.14145
2021-10-21 08:00:00,Cross Bronx Expy,9.509013
2021-10-21 08:00:00,Queensboro Bridge,8.4462765
2021-10-21 08:00:00,Williamsburg Bridge,14.0076645
2021-10-21 08:00:00,Manhattan Bridge,16.364862
2021-10-21 09:00:00,Broadway/35th St,8.726625
2021-10-21 09:00:00,Queens College,6.5341875
2021-10-21 09:00:00,Cross Bronx Expy,9.4680675
2021-10-21 09:00:00,Queensboro Bridge,8.1127425
2021-10-21 09:00:00,Williamsburg Bridge,15.12057
2021-10-21 09:00:00,Manhattan Bridge,17.09775
2021-10-21 10:00:00,Broadway/35th St,7.931784
2021-10-21 10:00:00,Queens College,7.5738315
2021-10-21 10:00:00,Cross Bronx Expy,9.490866
2021-10-21 10:00:00,Queensboro Bridge,8.2101915
2021-10-21 10:00:00,Williamsburg Bridge,11.622672
2021-10-21 10:00:00,Manhattan Bridge,12.9988005
2021-10-21 11:00:00,Broadway/35th St,7.997613
2021-10-21 11:00:00,Queens College,8.997612
2021-10-21 11:00:00,Cross Bronx Expy,8.1960255
2021-10-21 11:00:00,Queensboro Bridge,6.8626935
2021-10-21 11:00:00,Williamsburg Bridge,8.4658665
2021-10-21 11:00:00,Manhattan Bridge,10.727769
2021-10-21 12:00:00,Broadway/35th St,8.6091
2021-10-21 12:00:00,Queens College,6.817485
2021-10-21 12:00:00,Cross Bronx Expy,8.0145375
2021-10-21 12:00:00,Queensboro Bridge,6.3814725
2021-10-21 12:00:00,Williamsburg Bridge,7.7450025
2021-10-21 12:00:00,Manhattan Bridge,9.3305025
2021-10-21 13:00:00,Broadway/35th St,7.102875
2021-10-21 13:00:00,Queens College,6.6985725
2021-10-21 13:00:00,Cross Bronx Expy,7.388265
2021-10-21 13:00:00,Queensboro Bridge,6.310125
2021-10-21 13:00:00,Williamsburg Bridge,7.9035525
2021-10-21 13:00:00,Manhattan Bridge,10.03605
2021-10-21 14:00:00,Broadway/35th St,8.95791
2021-10-21 14:00:00,Queens College,5.3508975
2021-10-21 14:00:00,Cross Bronx Expy,7.49925
2021-10-21 14:00:00,Queensboro Bridge,7.2534975
2021-10-21 14:00:00,Williamsburg Bridge,9.9329925
2021-10-21 14:00:00,Manhattan Bridge,15.3554025
2021-10-21 15:00:00,Broadway/35th St,10.0055475
2021-10-21 15:00:00,Queens College,5.4817425
2021-10-21 15:00:00,Cross Bronx Expy,6.949995
2021-10-21 15:00:00,Queensboro Bridge,6.9738045
2021-10-21 15:00:00,Williamsburg Bridge,13.1642745
2021-10-21 15:00:00,Manhattan Bridge,9.1801515
2021-10-21 16:00:00,Broadway/35th St,8.818617
2021-10-21 16:00:00,Queens College,6.120516
2021-10-21 16:00:00,Cross Bronx Expy,7.815783
2021-10-21 16:00:00,Queensboro Bridge,7.44171
2021-10-21 16:00:00,Williamsburg Bridge,15.424587
2021-10-21 16:00:00,Manhattan Bridge,9.662271
2021-10-21 17:00:00,Broadway/35th St,36.133359
2021-10-21 17:00:00,Queens College,6.8641575
2021-10-21 17:00:00,Cross Bronx Expy,9.1654215
2021-10-21 17:00:00,Queensboro Bridge,7.9348845
2021-10-21 17:00:00,Williamsburg Bridge,10.627683
2021-10-21 17:00:00,Manhattan Bridge,11.139075
2021-10-21 18:00:00,Broadway/35th St,10.45809
2021-10-21 18:00:00,Queens College,7.664868
2021-10-21 18:00:00,Cross Bronx Expy,11.951019
2021-10-21 18:00:00,Queensboro Bridge,8.387253
2021-10-21 18:00:00,Williamsburg Bridge,10.730991
2021-10-21 18:00:00,Manhattan Bridge,10.6266465
2021-10-21 19:00:00,Broadway/35th St,9.870216
2021-10-21 19:00:00,Queens College,10.151931
2021-10-21 19:00:00,Cross Bronx Expy,10.15998
2021-10-21 19:00:00,Queensboro Bridge,7.391124
2021-10-21 19:00:00,Williamsburg Bridge,10.087539
2021-10-21 19:00:00,Manhattan Bridge,10.151931
2021-10-21 20:00:00,Broadway/35th St,9.86448
2021-10-21 20:00:00,Queens College,10.074456
2021-10-21 20:00:00,Cross Bronx Expy,11.754264
2021-10-21 20:00:00,Queensboro Bridge,8.919588
2021-10-21 20:00:00,Williamsburg Bridge,11.11626
2021-10-21 20:00:00,Manhattan Bridge,11.818872
2021-10-21 21:00:00,Broadway/35th St,8.011044
2021-10-21 21:00:00,Queens College,9.437172
2021-10-21 21:00:00,Cross Bronx Expy,10.855197
2021-10-21 21:00:00,Queensboro Bridge,8.853756
2021-10-21 21:00:00,Williamsburg Bridge,10.855197
2021-10-21 21:00:00,Manhattan Bridge,10.855197
2021-10-21 22:00:00,Broadway/35th St,7.86864
2021-10-21 22:00:00,Queens College,9.31578
2021-10-21 22:00:00,Cross Bronx Expy,10.35642
2021-10-21 22:00:00,Queensboro Bridge,8.59221
2021-10-21 22:00:00,Williamsburg Bridge,10.14504
2021-10-21 22:00:00,Manhattan Bridge,10.38081
2021-10-21 23:00:00,Broadway/35th St,7.91763
2021-10-21 23:00:00,Queens College,8.92854
2021-10-21 23:00:00,Cross Bronx Expy,12.1487775
2021-10-21 23:00:00,Queensboro Bridge,8.40678
2021-10-21 23:00:00,Williamsburg Bridge,10.5508875
2021-10-21 23:00:00,Manhattan Bridge,10.575345
2021-10-22 00:00:00,Broadway/35th St,7.702032
2021-10-22 00:00:00,Queens College,8.64981
2021-10-22 00:00:00,Cross Bronx Expy,10.5371955
2021-10-22 00:00:00,Queensboro Bridge,8.6252985
2021-10-22 00:00:00,Williamsburg Bridge,10.169523
2021-10-22 00:00:00,Manhattan Bridge,10.643412
2021-10-22 01:00:00,Broadway/35th St,7.654248
2021-10-22 01:00:00,Queens College,8.4972
2021-10-22 01:00:00,Cross Bronx Expy,9.962136
2021-10-22 01:00:00,Queensboro Bridge,7.997976
2021-10-22 01:00:00,Williamsburg Bridge,9.68388
2021-10-22 01:00:00,Manhattan Bridge,10.535016
2021-10-22 02:00:00,Broadway/35th St,7.51818
2021-10-22 02:00:00,Queens College,8.271522
2021-10-22 02:00:00,Cross Bronx Expy,10.2121965
2021-10-22 02:00:00,Queensboro Bridge,8.091375
2021-10-22 02:00:00,Williamsburg Bridge,9.8846565
2021-10-22 02:00:00,Manhattan Bridge,10.95735
2021-10-22 03:00:00,Broadway/35th St,7.233957
2021-10-22 03:00:00,Queens College,8.0600865
2021-10-22 03:00:00,Cross Bronx Expy,10.080423
2021-10-22 03:00:00,Queensboro Bridge,8.068266
2021-10-22 03:00:00,Williamsburg Bridge,9.8595765
2021-10-22 03:00:00,Manhattan Bridge,10.8574755
2021-10-22 04:00:00,Broadway/35th St,6.375972
2021-10-22 04:00:00,Queens College,7.551876
2021-10-22 04:00:00,Cross Bronx Expy,9.879186
2021-10-22 04:00:00,Queensboro Bridge,7.004754
2021-10-22 04:00:00,Williamsburg Bridge,9.193242
2021-10-22 04:00:00,Manhattan Bridge,10.703952
2021-10-22 05:00:00,Broadway/35th St,6.1974525
2021-10-22 05:00:00,Queens College,6.8496525
2021-10-22 05:00:00,Cross Bronx Expy,8.879625
2021-10-22 05:00:00,Queensboro Bridge,6.1322325
2021-10-22 05:00:00,Williamsburg Bridge,8.63505
2021-10-22 05:00:00,Manhattan Bridge,9.792705
2021-10-22 06:00:00,Broadway/35th St,6.5134545
2021-10-22 06:00:00,Queens College,6.6273375
2021-10-22 06:00:00,Cross Bronx Expy,8.506407
2021-10-22 06:00:00,Queensboro Bridge,7.465191
2021-10-22 06:00:00,Williamsburg Bridge,8.099682
2021-10-22 06:00:00,Manhattan Bridge,9.2954535
2021-10-22 07:00:00,Broadway/35th St,6.2483895
2021-10-22 07:00:00,Queens College,6.8496765
2021-10-22 07:00:00,Cross Bronx Expy,7.8734895
2021-10-22 07:00:00,Queensboro Bridge,6.727794
2021-10-22 07:00:00,Williamsburg Bridge,8.0847525
2021-10-22 07:00:00,Manhattan Bridge,8.6697885
2021-10-22 08:00:00,Broadway/35th St,5.60445
2021-10-22 08:00:00,Queens College,5.774991
2021-10-22 08:00:00,Cross Bronx Expy,7.967661
2021-10-22 08:00:00,Queensboro Bridge,5.945532
2021-10-22 08:00:00,Williamsburg Bridge,8.032629
2021-10-22 08:00:00,Manhattan Bridge,8.519889
2021-10-22 09:00:00,Broadway/35th St,5.24265
2021-10-22 09:00:00,Queens College,7.74669
2021-10-22 09:00:00,Cross Bronx Expy,6.55971
2021-10-22 09:00:00,Queensboro Bridge,4.97436
2021-10-22 09:00:00,Williamsburg Bridge,7.03125
2021-10-22 09:00:00,Manhattan Bridge,7.29954
2021-10-22 10:00:00,Broadway/35th St,5.5249965
2021-10-22 10:00:00,Queens College,5.907741
2021-10-22 10:00:00,Cross Bronx Expy,5.891454
2021-10-22 10:00:00,Queensboro Bridge,4.3523325
2021-10-22 10:00:00,Williamsburg Bridge,6.640656
2021-10-22 10:00:00,Manhattan Bridge,6.494073
2021-10-22 11:00:00,Broadway/35th St,5.05308
2021-10-22 11:00:00,Queens College,6.653616
2021-10-22 11:00:00,Cross Bronx Expy,5.224566
2021-10-22 11:00:00,Queensboro Bridge,4.138488
2021-10-22 11:00:00,Williamsburg Bridge,7.078248
2021-10-22 11:00:00,Manhattan Bridge,6.718944
2021-10-22 12:00:00,Broadway/35th St,6.275904
2021-10-22 12:00:00,Queens College,5.178042
2021-10-22 12:00:00,Cross Bronx Expy,4.73562
2021-10-22 12:00:00,Queensboro Bridge,4.293198
2021-10-22 12:00:00,Williamsburg Bridge,6.333255
2021-10-22 12:00:00,Manhattan Bridge,7.775223
2021-10-22 13:00:00,Broadway/35th St,5.975595
2021-10-22 13:00:00,Queens College,4.2914175
2021-10-22 13:00:00,Cross Bronx Expy,5.186907
2021-10-22 13:00:00,Queensboro Bridge,4.57896
2021-10-22 13:00:00,Williamsburg Bridge,6.3617235
2021-10-22 13:00:00,Manhattan Bridge,8.0705475
2021-10-22 14:00:00,Broadway/35th St,4.663263
2021-10-22 14:00:00,Queens College,4.168443
2021-10-22 14:00:00,Cross Bronx Expy,9.966084
2021-10-22 14:00:00,Queensboro Bridge,4.67151
2021-10-22 14:00:00,Williamsburg Bridge,5.751867
2021-10-22 14:00:00,Manhattan Bridge,7.714653
2021-10-22 15:00:00,Broadway/35th St,5.148555
2021-10-22 15:00:00,Queens College,4.140225
2021-10-22 15:00:00,Cross Bronx Expy,5.52048
2021-10-22 15:00:00,Queensboro Bridge,4.503885
2021-10-22 15:00:00,Williamsburg Bridge,5.727105
2021-10-22 15:00:00,Manhattan Bridge,8.140485
2021-10-22 16:00:00,Broadway/35th St,5.710482
2021-10-22 16:00:00,Queens College,4.244391
2021-10-22 16:00:00,Cross Bronx Expy,4.468032
2021-10-22 16:00:00,Queensboro Bridge,5.503407
2021-10-22 16:00:00,Williamsburg Bridge,7.855779
2021-10-22 16:00:00,Manhattan Bridge,6.778989
2021-10-22 17:00:00,Broadway/35th St,4.737624
2021-10-22 17:00:00,Queens College,4.3974675
2021-10-22 17:00:00,Cross Bronx Expy,4.754217
2021-10-22 17:00:00,Queensboro Bridge,5.003112
2021-10-22 17:00:00,Williamsburg Bridge,7.541841
2021-10-22 17:00:00,Manhattan Bridge,7.0523475
2021-10-22 18:00:00,Broadway/35th St,5.129283
2021-10-22 18:00:00,Queens College,4.257678
2021-10-22 18:00:00,Cross Bronx Expy,4.564815
2021-10-22 18:00:00,Queensboro Bridge,4.622922
2021-10-22 18:00:00,Williamsburg Bridge,7.34565
2021-10-22 18:00:00,Manhattan Bridge,6.43254
2021-10-22 19:00:00,Broadway/35th St,5.14935
2021-10-22 19:00:00,Queens College,4.26849
2021-10-22 19:00:00,Cross Bronx Expy,4.39314
2021-10-22 19:00:00,Queensboro Bridge,4.56765
2021-10-22 19:00:00,Williamsburg Bridge,7.6839
2021-10-22 19:00:00,Manhattan Bridge,5.94711
2021-10-22 20:00:00,Broadway/35th St,4.69824
2021-10-22 20:00:00,Queens College,3.632256
2021-10-22 20:00:00,Cross Bronx Expy,4.939752
2021-10-22 20:00:00,Queensboro Bridge,4.498368
2021-10-22 20:00:00,Williamsburg Bridge,8.004456
2021-10-22 20:00:00,Manhattan Bridge,5.680944
2021-10-22 21:00:00,Broadway/35th St,4.605459
2021-10-22 21:00:00,Queens College,3.970821
2021-10-22 21:00:00,Cross Bronx Expy,4.3966965
2021-10-22 21:00:00,Queensboro Bridge,3.7286565
2021-10-22 21:00:00,Williamsburg Bridge,7.9206075
2021-10-22 21:00:00,Manhattan Bridge,4.9311285
2021-10-22 22:00:00,Broadway/35th St,4.562376
2021-10-22 22:00:00,Queens College,4.71309
2021-10-22 22:00:00,Cross Bronx Expy,4.704717
2021-10-22 22:00:00,Queensboro Bridge,3.532497
2021-10-22 22:00:00,Williamsburg Bridge,7.601775
2021-10-22 22:00:00,Manhattan Bridge,4.554003
2021-10-22 23:00:00,Broadway/35th St,4.1172
2021-10-22 23:00:00,Queens College,3.7728
2021-10-22 23:00:00,Cross Bronx Expy,4.2684
2021-10-22 23:00:00,Queensboro Bridge,3.3612
2021-10-22 23:00:00,Williamsburg Bridge,5.7048
2021-10-22 23:00:00,Manhattan Bridge,4.2348
2021-10-23 00:00:00,Broadway/35th St,3.720615
2021-10-23 00:00:00,Queens College,3.1894305
2021-10-23 00:00:00,Cross Bronx Expy,4.243368
2021-10-23 00:00:00,Queensboro Bridge,3.653163
2021-10-23 00:00:00,Williamsburg Bridge,7.599105
2021-10-23 00:00:00,Manhattan Bridge,4.7239635
2021-10-23 01:00:00,Broadway/35th St,3.634137
2021-10-23 01:00:00,Queens College,3.109431
2021-10-23 01:00:00,Cross Bronx Expy,3.964194
2021-10-23 01:00:00,Queensboro Bridge,3.625674
2021-10-23 01:00:00,Williamsburg Bridge,5.199792
2021-10-23 01:00:00,Manhattan Bridge,4.480437
2021-10-23 02:00:00,Broadway/35th St,3.496818
2021-10-23 02:00:00,Queens College,3.088866
2021-10-23 02:00:00,Cross Bronx Expy,4.474203
2021-10-23 02:00:00,Queensboro Bridge,3.13986
2021-10-23 02:00:00,Williamsburg Bridge,5.630067
2021-10-23 02:00:00,Manhattan Bridge,4.100247
2021-10-23 03:00:00,Broadway/35th St,3.266469
2021-10-23 03:00:00,Queens College,3.0356595
2021-10-23 03:00:00,Cross Bronx Expy,3.728088
2021-10-23 03:00:00,Queensboro Bridge,3.386148
2021-10-23 03:00:00,Williamsburg Bridge,4.326483
2021-10-23 03:00:00,Manhattan Bridge,4.3863225
2021-10-23 04:00:00,Broadway/35th St,3.507867
2021-10-23 04:00:00,Queens College,2.965626
2021-10-23 04:00:00,Cross Bronx Expy,3.714435
2021-10-23 04:00:00,Queensboro Bridge,3.404583
2021-10-23 04:00:00,Williamsburg Bridge,4.721454
2021-10-23 04:00:00,Manhattan Bridge,4.127571
2021-10-23 05:00:00,Broadway/35th St,3.4664625
2021-10-23 05:00:00,Queens College,2.9465325
2021-10-23 05:00:00,Cross Bronx Expy,3.9863925
2021-10-23 05:00:00,Queensboro Bridge,3.3451455
2021-10-23 05:00:00,Williamsburg Bridge,4.584312
2021-10-23 05:00:00,Manhattan Bridge,4.8009495
2021-10-23 06:00:00,Broadway/35th St,3.4767
2021-10-23 06:00:00,Queens College,3.293496
2021-10-23 06:00:00,Cross Bronx Expy,3.712248
2021-10-23 06:00:00,Queensboro Bridge,3.380736
2021-10-23 06:00:00,Williamsburg Bridge,5.474496
2021-10-23 06:00:00,Manhattan Bridge,4.200792
2021-10-23 07:00:00,Broadway/35th St,3.724065
2021-10-23 07:00:00,Queens College,3.583545
2021-10-23 07:00:00,Cross Bronx Expy,3.7065
2021-10-23 07:00:00,Queensboro Bridge,3.618675
2021-10-23 07:00:00,Williamsburg Bridge,6.007515
2021-10-23 07:00:00,Manhattan Bridge,4.72527
2021-10-23 08:00:00,Broadway/35th St,4.1502885
2021-10-23 08:00:00,Queens College,3.805665
2021-10-23 08:00:00,Cross Bronx Expy,4.0619235
2021-10-23 08:00:00,Queensboro Bridge,3.6907905
2021-10-23 08:00:00,Williamsburg Bridge,6.244539
2021-10-23 08:00:00,Manhattan Bridge,4.795353
2021-10-23 09:00:00,Broadway/35th St,4.751925
2021-10-23 09:00:00,Queens College,4.0848
2021-10-23 09:00:00,Cross Bronx Expy,4.06701
2021-10-23 09:00:00,Queensboro Bridge,4.271595
2021-10-23 09:00:00,Williamsburg Bridge,7.14468
2021-10-23 09:00:00,Manhattan Bridge,6.77109
2021-10-23 10:00:00,Broadway/35th St,5.828814
2021-10-23 10:00:00,Queens College,4.986762
2021-10-23 10:00:00,Cross Bronx Expy,4.36866
2021-10-23 10:00:00,Queensboro Bridge,4.99572
2021-10-23 10:00:00,Williamsburg Bridge,8.256432
2021-10-23 10:00:00,Manhattan Bridge,8.686416
2021-10-23 11:00:00,Broadway/35th St,6.9230505
2021-10-23 11:00:00,Queens College,5.397741
2021-10-23 11:00:00,Cross Bronx Expy,4.83816
2021-10-23 11:00:00,Queensboro Bridge,5.5511745
2021-10-23 11:00:00,Williamsburg Bridge,8.8364565
2021-10-23 11:00:00,Manhattan Bridge,7.491657
2021-10-23 12:00:00,Broadway/35th St,5.965128
2021-10-23 12:00:00,Queens College,5.22024
2021-10-23 12:00:00,Cross Bronx Expy,4.775124
2021-10-23 12:00:00,Queensboro Bridge,5.520012
2021-10-23 12:00:00,Williamsburg Bridge,9.253536
2021-10-23 12:00:00,Manhattan Bridge,8.408724
2021-10-23 13:00:00,Broadway/35th St,5.078274
2021-10-23 13:00:00,Queens College,6.002121
2021-10-23 13:00:00,Cross Bronx Expy,9.304188
2021-10-23 13:00:00,Queensboro Bridge,5.489889
2021-10-23 13:00:00,Williamsburg Bridge,8.508399
2021-10-23 13:00:00,Manhattan Bridge,8.746221
2021-10-23 14:00:00,Broadway/35th St,5.952435
2021-10-23 14:00:00,Queens College,7.047354
2021-10-23 14:00:00,Cross Bronx Expy,13.626069
2021-10-23 14:00:00,Queensboro Bridge,5.685606
2021-10-23 14:00:00,Williamsburg Bridge,9.448815
2021-10-23 14:00:00,Manhattan Bridge,8.188278
2021-10-23 15:00:00,Broadway/35th St,5.3634345
2021-10-23 15:00:00,Queens College,5.9739675
2021-10-23 15:00:00,Cross Bronx Expy,5.742705
2021-10-23 15:00:00,Queensboro Bridge,5.021166
2021-10-23 15:00:00,Williamsburg Bridge,7.13028
2021-10-23 15:00:00,Manhattan Bridge,7.6020555
2021-10-23 16:00:00,Broadway/35th St,5.166243
2021-10-23 16:00:00,Queens College,4.069374
2021-10-23 16:00:00,Cross Bronx Expy,6.9974565
2021-10-23 16:00:00,Queensboro Bridge,4.8409005
2021-10-23 16:00:00,Williamsburg Bridge,8.0013705
2021-10-23 16:00:00,Manhattan Bridge,7.71321
2021-10-23 17:00:00,Broadway/35th St,5.645274
2021-10-23 17:00:00,Queens College,4.245549
2021-10-23 17:00:00,Cross Bronx Expy,5.4679755
2021-10-23 17:00:00,Queensboro Bridge,5.6172795
2021-10-23 17:00:00,Williamsburg Bridge,8.2114365
2021-10-23 17:00:00,Manhattan Bridge,8.0621325
2021-10-23 18:00:00,Broadway/35th St,6.603411
2021-10-23 18:00:00,Queens College,5.030427
2021-10-23 18:00:00,Cross Bronx Expy,6.837486
2021-10-23 18:00:00,Queensboro Bridge,6.556596
2021-10-23 18:00:00,Williamsburg Bridge,8.588367
2021-10-23 18:00:00,Manhattan Bridge,9.758742
2021-10-23 19:00:00,Broadway/35th St,7.4901
2021-10-23 19:00:00,Queens College,5.94075
2021-10-23 19:00:00,Cross Bronx Expy,7.13328
2021-10-23 19:00:00,Queensboro Bridge,6.27879
2021-10-23 19:00:00,Williamsburg Bridge,10.25076
2021-10-23 19:00:00,Manhattan Bridge,8.91738
2021-10-23 20:00:00,Broadway/35th St,8.0587125
2021-10-23 20:00:00,Queens College,5.3855625
2021-10-23 20:00:00,Cross Bronx Expy,5.131425
2021-10-23 20:00:00,Queensboro Bridge,5.357325
2021-10-23 20:00:00,Williamsburg Bridge,9.8094375
2021-10-23 20:00:00,Manhattan Bridge,7.5692625
2021-10-23 21:00:00,Broadway/35th St,5.78061
2021-10-23 21:00:00,Queens College,3.884175
2021-10-23 21:00:00,Cross Bronx Expy,4.32762
2021-10-23 21:00:00,Queensboro Bridge,3.51621
2021-10-23 21:00:00,Williamsburg Bridge,7.87518
2021-10-23 21:00:00,Manhattan Bridge,5.676825
2021-10-23 22:00:00,Broadway/35th St,5.1750075
2021-10-23 22:00:00,Queens College,3.103815
2021-10-23 22:00:00,Cross Bronx Expy,5.5343925
2021-10-23 22:00:00,Queensboro Bridge,4.200885
2021-10-23 22:00:00,Williamsburg Bridge,7.8609375
2021-10-23 22:00:00,Manhattan Bridge,4.7399625
2021-10-23 23:00:00,Broadway/35th St,5.1652455
2021-10-23 23:00:00,Queens College,3.7425705
2021-10-23 23:00:00,Cross Bronx Expy,6.559467
2021-10-23 23:00:00,Queensboro Bridge,4.7099895
2021-10-23 23:00:00,Williamsburg Bridge,6.995754
2021-10-23 23:00:00,Manhattan Bridge,5.6774085
2021-10-24 00:00:00,Broadway/35th St,5.496111
2021-10-24 00:00:00,Queens College,4.364778
2021-10-24 00:00:00,Cross Bronx Expy,10.962636
2021-10-24 00:00:00,Queensboro Bridge,4.745058
2021-10-24 00:00:00,Williamsburg Bridge,7.150329
2021-10-24 00:00:00,Manhattan Bridge,6.066531
2021-10-24 01:00:00,Broadway/35th St,5.8094475
2021-10-24 01:00:00,Queens College,5.1423825
2021-10-24 01:00:00,Cross Bronx Expy,7.6200525
2021-10-24 01:00:00,Queensboro Bridge,4.8564975
2021-10-24 01:00:00,Williamsburg Bridge,7.5438165
2021-10-24 01:00:00,Manhattan Bridge,6.4955715
2021-10-24 02:00:00,Broadway/35th St,5.426928
2021-10-24 02:00:00,Queens College,5.379168
2021-10-24 02:00:00,Cross Bronx Expy,7.117632
2021-10-24 02:00:00,Queensboro Bridge,4.519488
2021-10-24 02:00:00,Williamsburg Bridge,6.91704
2021-10-24 02:00:00,Manhattan Bridge,6.171984
2021-10-24 03:00:00,Broadway/35th St,5.645757
2021-10-24 03:00:00,Queens College,5.454267
2021-10-24 03:00:00,Cross Bronx Expy,6.9766125
2021-10-24 03:00:00,Queensboro Bridge,4.611711
2021-10-24 03:00:00,Williamsburg Bridge,7.1681025
2021-10-24 03:00:00,Manhattan Bridge,6.3446955
2021-10-24 04:00:00,Broadway/35th St,5.844555
2021-10-24 04:00:00,Queens College,5.2018575
2021-10-24 04:00:00,Cross Bronx Expy,6.47766
2021-10-24 04:00:00,Queensboro Bridge,4.82775
2021-10-24 04:00:00,Williamsburg Bridge,6.036405
2021-10-24 04:00:00,Manhattan Bridge,5.8157775
2021-10-24 05:00:00,Broadway/35th St,5.368134
2021-10-24 05:00:00,Queens College,5.3009235
2021-10-24 05:00:00,Cross Bronx Expy,6.654735
2021-10-24 05:00:00,Queensboro Bridge,4.7248335
2021-10-24 05:00:00,Williamsburg Bridge,6.481908
2021-10-24 05:00:00,Manhattan Bridge,5.8002015
2021-10-24 06:00:00,Broadway/35th St,5.388948
2021-10-24 06:00:00,Queens College,5.475402
2021-10-24 06:00:00,Cross Bronx Expy,6.65694
2021-10-24 06:00:00,Queensboro Bridge,4.995102
2021-10-24 06:00:00,Williamsburg Bridge,6.964332
2021-10-24 06:00:00,Manhattan Bridge,6.56088
2021-10-24 07:00:00,Broadway/35th St,5.967189
2021-10-24 07:00:00,Queens College,5.8999155
2021-10-24 07:00:00,Cross Bronx Expy,7.178112
2021-10-24 07:00:00,Queensboro Bridge,5.698095
2021-10-24 07:00:00,Williamsburg Bridge,7.120449
2021-10-24 07:00:00,Manhattan Bridge,6.332388
2021-10-24 08:00:00,Broadway/35th St,5.940225
2021-10-24 08:00:00,Queens College,5.75754
2021-10-24 08:00:00,Cross Bronx Expy,6.786345
2021-10-24 08:00:00,Queensboro Bridge,6.27675
2021-10-24 08:00:00,Williamsburg Bridge,7.27671
2021-10-24 08:00:00,Manhattan Bridge,6.709425
2021-10-24 09:00:00,Broadway/35th St,6.85365
2021-10-24 09:00:00,Queens College,6.151755
2021-10-24 09:00:00,Cross Bronx Expy,7.27671
2021-10-24 09:00:00,Queensboro Bridge,7.094025
2021-10-24 09:00:00,Williamsburg Bridge,8.459355
2021-10-24 09:00:00,Manhattan Bridge,7.08441
2021-10-24 10:00:00,Broadway/35th St,6.090186
2021-10-24 10:00:00,Queens College,5.542644
2021-10-24 10:00:00,Cross Bronx Expy,6.090186
2021-10-24 10:00:00,Queensboro Bridge,5.725158
2021-10-24 10:00:00,Williamsburg Bridge,7.540692
2021-10-24 10:00:00,Manhattan Bridge,8.38602
2021-10-24 11:00:00,Broadway/35th St,7.050816
2021-10-24 11:00:00,Queens College,6.12078
2021-10-24 11:00:00,Cross Bronx Expy,6.178308
2021-10-24 11:00:00,Queensboro Bridge,6.197484
2021-10-24 11:00:00,Williamsburg Bridge,7.328868
2021-10-24 11:00:00,Manhattan Bridge,9.76422
2021-10-24 12:00:00,Broadway/35th St,8.722353
2021-10-24 12:00:00,Queens College,6.634131
2021-10-24 12:00:00,Cross Bronx Expy,8.051823
2021-10-24 12:00:00,Queensboro Bridge,7.592031
2021-10-24 12:00:00,Williamsburg Bridge,8.521194
2021-10-24 12:00:00,Manhattan Bridge,10.044255
2021-10-24 13:00:00,Broadway/35th St,9.29019
2021-10-24 13:00:00,Queens College,6.28521
2021-10-24 13:00:00,Cross Bronx Expy,10.41945
2021-10-24 13:00:00,Queensboro Bridge,7.00296
2021-10-24 13:00:00,Williamsburg Bridge,7.60587
2021-10-24 13:00:00,Manhattan Bridge,9.75912
2021-10-24 14:00:00,Broadway/35th St,8.73513
2021-10-24 14:00:00,Queens College,5.55789
2021-10-24 14:00:00,Cross Bronx Expy,8.39061
2021-10-24 14:00:00,Queensboro Bridge,6.88812
2021-10-24 14:00:00,Williamsburg Bridge,7.38576
2021-10-24 14:00:00,Manhattan Bridge,8.91696
2021-10-24 15:00:00,Broadway/35th St,8.6617245
2021-10-24 15:00:00,Queens College,5.454267
2021-10-24 15:00:00,Cross Bronx Expy,8.115978
2021-10-24 15:00:00,Queensboro Bridge,7.101081
2021-10-24 15:00:00,Williamsburg Bridge,7.2638475
2021-10-24 15:00:00,Manhattan Bridge,9.5808765
2021-10-24 16:00:00,Broadway/35th St,9.3702375
2021-10-24 16:00:00,Queens College,5.664906
2021-10-24 16:00:00,Cross Bronx Expy,9.41811
2021-10-24 16:00:00,Queensboro Bridge,6.660654
2021-10-24 16:00:00,Williamsburg Bridge,7.9532115
2021-10-24 16:00:00,Manhattan Bridge,10.18407
2021-10-24 17:00:00,Broadway/35th St,13.780065
2021-10-24 17:00:00,Queens College,5.791179
2021-10-24 17:00:00,Cross Bronx Expy,8.84688
2021-10-24 17:00:00,Queensboro Bridge,8.444562
2021-10-24 17:00:00,Williamsburg Bridge,10.302888
2021-10-24 17:00:00,Manhattan Bridge,8.6553
2021-10-24 18:00:00,Broadway/35th St,12.937848
2021-10-24 18:00:00,Queens College,6.197484
2021-10-24 18:00:00,Cross Bronx Expy,8.383548
2021-10-24 18:00:00,Queensboro Bridge,8.824596
2021-10-24 18:00:00,Williamsburg Bridge,10.109388
2021-10-24 18:00:00,Manhattan Bridge,9.754632
2021-10-24 19:00:00,Broadway/35th St,11.153523
2021-10-24 19:00:00,Queens College,6.383814
2021-10-24 19:00:00,Cross Bronx Expy,9.608406
2021-10-24 19:00:00,Queensboro Bridge,7.756185
2021-10-24 19:00:00,Williamsburg Bridge,7.938528
2021-10-24 19:00:00,Manhattan Bridge,8.264826
2021-10-24 20:00:00,Broadway/35th St,8.3926065
2021-10-24 20:00:00,Queens College,4.8784575
2021-10-24 20:00:00,Cross Bronx Expy,8.2581855
2021-10-24 20:00:00,Queensboro Bridge,5.98263
2021-10-24 20:00:00,Williamsburg Bridge,7.230825
2021-10-24 20:00:00,Manhattan Bridge,7.5860805
2021-10-24 21:00:00,Broadway/35th St,7.8685725
2021-10-24 21:00:00,Queens College,5.0867475
2021-10-24 21:00:00,Cross Bronx Expy,8.415345
2021-10-24 21:00:00,Queensboro Bridge,5.4704475
2021-10-24 21:00:00,Williamsburg Bridge,6.765435
2021-10-24 21:00:00,Manhattan Bridge,6.9860625
2021-10-24 22:00:00,Broadway/35th St,7.285503
2021-10-24 22:00:00,Queens College,5.87739
2021-10-24 22:00:00,Cross Bronx Expy,8.760669
2021-10-24 22:00:00,Queensboro Bridge,6.212655
2021-10-24 22:00:00,Williamsburg Bridge,8.090139
2021-10-24 22:00:00,Manhattan Bridge,7.438767
2021-10-24 23:00:00,Broadway/35th St,6.831072
2021-10-24 23:00:00,Queens College,6.850176
2021-10-24 23:00:00,Cross Bronx Expy,9.438768
2021-10-24 23:00:00,Queensboro Bridge,7.050768
2021-10-24 23:00:00,Williamsburg Bridge,9.171312
2021-10-24 23:00:00,Manhattan Bridge,7.986864
2021-10-25 00:00:00,Broadway/35th St,6.3854025
2021-10-25 00:00:00,Queens College,4.735242
2021-10-25 00:00:00,Cross Bronx Expy,7.692177
2021-10-25 00:00:00,Queensboro Bridge,6.108786
2021-10-25 00:00:00,Williamsburg Bridge,7.5490995
2021-10-25 00:00:00,Manhattan Bridge,7.024482
2021-10-25 02:00:00,Broadway/35th St,6.062634
2021-10-25 02:00:00,Queens College,4.191528
2021-10-25 02:00:00,Cross Bronx Expy,6.727494
2021-10-25 02:00:00,Queensboro Bridge,7.259382
2021-10-25 02:00:00,Williamsburg Bridge,9.519906
2021-10-25 02:00:00,Manhattan Bridge,7.905246
2021-10-25 03:00:00,Broadway/35th St,7.0524435
2021-10-25 03:00:00,Queens College,4.827816
2021-10-25 03:00:00,Cross Bronx Expy,8.4156195
2021-10-25 03:00:00,Queensboro Bridge,8.046426
2021-10-25 03:00:00,Williamsburg Bridge,8.860545
2021-10-25 03:00:00,Manhattan Bridge,9.447468
2021-10-25 04:00:00,Broadway/35th St,7.0470315
2021-10-25 04:00:00,Queens College,5.2381035
2021-10-25 04:00:00,Cross Bronx Expy,8.676951
2021-10-25 04:00:00,Queensboro Bridge,8.16819
2021-10-25 04:00:00,Williamsburg Bridge,9.072654
2021-10-25 04:00:00,Manhattan Bridge,9.2516625
2021-10-25 05:00:00,Broadway/35th St,7.6415355
2021-10-25 05:00:00,Queens College,5.813118
2021-10-25 05:00:00,Cross Bronx Expy,11.232735
2021-10-25 05:00:00,Queensboro Bridge,7.050816
2021-10-25 05:00:00,Williamsburg Bridge,8.9167395
2021-10-25 05:00:00,Manhattan Bridge,9.5168355
2021-10-25 06:00:00,Broadway/35th St,8.497554
2021-10-25 06:00:00,Queens College,6.70677
2021-10-25 06:00:00,Cross Bronx Expy,11.640753
2021-10-25 06:00:00,Queensboro Bridge,7.583508
2021-10-25 06:00:00,Williamsburg Bridge,10.773342
2021-10-25 06:00:00,Manhattan Bridge,10.176414
2021-10-25 07:00:00,Broadway/35th St,10.0414005
2021-10-25 07:00:00,Queens College,7.418415
2021-10-25 07:00:00,Cross Bronx Expy,12.9517095
2021-10-25 07:00:00,Queensboro Bridge,9.1516245
2021-10-25 07:00:00,Williamsburg Bridge,12.6365805
2021-10-25 07:00:00,Manhattan Bridge,14.425401
2021-10-25 08:00:00,Broadway/35th St,10.8837
2021-10-25 08:00:00,Queens College,7.31022
2021-10-25 08:00:00,Cross Bronx Expy,13.25067
2021-10-25 08:00:00,Queensboro Bridge,10.09164
2021-10-25 08:00:00,Williamsburg Bridge,11.49156
2021-10-25 08:00:00,Manhattan Bridge,13.61907
2021-10-25 09:00:00,Broadway/35th St,10.575621
2021-10-25 09:00:00,Queens College,7.584552
2021-10-25 09:00:00,Cross Bronx Expy,12.825783
2021-10-25 09:00:00,Queensboro Bridge,9.349923
2021-10-25 09:00:00,Williamsburg Bridge,11.206764
2021-10-25 09:00:00,Manhattan Bridge,12.551373
2021-10-25 10:00:00,Broadway/35th St,19.3363005
2021-10-25 10:00:00,Queens College,7.7393745
2021-10-25 10:00:00,Cross Bronx Expy,12.31089
2021-10-25 10:00:00,Queensboro Bridge,10.729491
2021-10-25 10:00:00,Williamsburg Bridge,15.128325
2021-10-25 10:00:00,Manhattan Bridge,14.837493
2021-10-25 11:00:00,Broadway/35th St,14.2517565
2021-10-25 11:00:00,Queens College,7.672167
2021-10-25 11:00:00,Cross Bronx Expy,12.455682
2021-10-25 11:00:00,Queensboro Bridge,9.098196
2021-10-25 11:00:00,Williamsburg Bridge,11.6524125
2021-10-25 11:00:00,Manhattan Bridge,12.8257275
2021-10-25 12:00:00,Broadway/35th St,16.2631125
2021-10-25 12:00:00,Queens College,10.8408
2021-10-25 12:00:00,Cross Bronx Expy,11.7729
2021-10-25 12:00:00,Queensboro Bridge,8.65395
2021-10-25 12:00:00,Williamsburg Bridge,10.6974
2021-10-25 12:00:00,Manhattan Bridge,12.2837625
2021-10-25 13:00:00,Broadway/35th St,14.29626
2021-10-25 13:00:00,Queens College,6.904515
2021-10-25 13:00:00,Cross Bronx Expy,11.156325
2021-10-25 13:00:00,Queensboro Bridge,9.56412
2021-10-25 13:00:00,Williamsburg Bridge,11.102955
2021-10-25 13:00:00,Manhattan Bridge,12.259305
2021-10-25 14:00:00,Broadway/35th St,17.0538525
2021-10-25 14:00:00,Queens College,6.57561
2021-10-25 14:00:00,Cross Bronx Expy,10.2390225
2021-10-25 14:00:00,Queensboro Bridge,9.2326875
2021-10-25 14:00:00,Williamsburg Bridge,10.0977825
2021-10-25 14:00:00,Manhattan Bridge,13.337475
2021-10-25 15:00:00,Broadway/35th St,11.76996
2021-10-25 15:00:00,Queens College,6.62784
2021-10-25 15:00:00,Cross Bronx Expy,10.1844
2021-10-25 15:00:00,Queensboro Bridge,9.94788
2021-10-25 15:00:00,Williamsburg Bridge,10.3596
2021-10-25 15:00:00,Manhattan Bridge,11.64732
2021-10-25 16:00:00,Broadway/35th St,14.120988
2021-10-25 16:00:00,Queens College,7.121364
2021-10-25 16:00:00,Cross Bronx Expy,9.950814
2021-10-25 16:00:00,Queensboro Bridge,10.151052
2021-10-25 16:00:00,Williamsburg Bridge,12.884736
2021-10-25 16:00:00,Manhattan Bridge,12.667086
2021-10-25 17:00:00,Broadway/35th St,16.1553165
2021-10-25 17:00:00,Queens College,6.589884
2021-10-25 17:00:00,Cross Bronx Expy,11.7405015
2021-10-25 17:00:00,Queensboro Bridge,10.9094775
2021-10-25 17:00:00,Williamsburg Bridge,12.6407775
2021-10-25 17:00:00,Manhattan Bridge,13.54971
2021-10-25 18:00:00,Broadway/35th St,13.33971
2021-10-25 18:00:00,Queens College,6.6899775
2021-10-25 18:00:00,Cross Bronx Expy,10.8966
2021-10-25 18:00:00,Queensboro Bridge,10.8535875
2021-10-25 18:00:00,Williamsburg Bridge,12.2127825
2021-10-25 18:00:00,Manhattan Bridge,12.30741
2021-10-25 19:00:00,Broadway/35th St,11.4573825
2021-10-25 19:00:00,Queens College,5.8950075
2021-10-25 19:00:00,Cross Bronx Expy,10.0539525
2021-10-25 19:00:00,Queensboro Bridge,7.87179
2021-10-25 19:00:00,Williamsburg Bridge,8.69331
2021-10-25 19:00:00,Manhattan Bridge,8.641965
2021-10-25 20:00:00,Broadway/35th St,9.535122
2021-10-25 20:00:00,Queens College,5.2578615
2021-10-25 20:00:00,Cross Bronx Expy,10.045332
2021-10-25 20:00:00,Queensboro Bridge,7.3327155
2021-10-25 20:00:00,Williamsburg Bridge,7.9619745
2021-10-25 20:00:00,Manhattan Bridge,7.3327155
2021-10-25 21:00:00,Broadway/35th St,7.6256535
2021-10-25 21:00:00,Queens College,5.079645
2021-10-25 21:00:00,Cross Bronx Expy,9.613401
2021-10-25 21:00:00,Queensboro Bridge,6.5260485
2021-10-25 21:00:00,Williamsburg Bridge,6.8982225
2021-10-25 21:00:00,Manhattan Bridge,6.51759
2021-10-25 22:00:00,Broadway/35th St,4.692801
2021-10-25 22:00:00,Queens College,6.2492985
2021-10-25 22:00:00,Cross Bronx Expy,7.418775
2021-10-25 22:00:00,Queensboro Bridge,4.6843875
2021-10-25 22:00:00,Williamsburg Bridge,5.921172
2021-10-25 22:00:00,Manhattan Bridge,5.4247755
2021-10-25 23:00:00,Broadway/35th St,5.927334
2021-10-25 23:00:00,Queens College,6.304929
2021-10-25 23:00:00,Cross Bronx Expy,5.256054
2021-10-25 23:00:00,Queensboro Bridge,5.499393
2021-10-25 23:00:00,Williamsburg Bridge,7.613925
2021-10-25 23:00:00,Manhattan Bridge,6.539877
2021-10-26 00:00:00,Broadway/35th St,4.0482345
2021-10-26 00:00:00,Queens College,3.9312015
2021-10-26 00:00:00,Cross Bronx Expy,4.1318295
2021-10-26 00:00:00,Queensboro Bridge,4.2823005
2021-10-26 00:00:00,Williamsburg Bridge,5.260362
2021-10-26 00:00:00,Manhattan Bridge,4.5665235
2021-10-26 01:00:00,Broadway/35th St,3.067761
2021-10-26 01:00:00,Queens College,2.734101
2021-10-26 01:00:00,Cross Bronx Expy,3.11781
2021-10-26 01:00:00,Queensboro Bridge,3.034395
2021-10-26 01:00:00,Williamsburg Bridge,3.418104
2021-10-26 01:00:00,Manhattan Bridge,3.234591
2021-10-26 02:00:00,Broadway/35th St,2.899905
2021-10-26 02:00:00,Queens College,2.3416275
2021-10-26 02:00:00,Cross Bronx Expy,2.9499
2021-10-26 02:00:00,Queensboro Bridge,2.9582325
2021-10-26 02:00:00,Williamsburg Bridge,3.41652
2021-10-26 02:00:00,Manhattan Bridge,2.899905
2021-10-26 03:00:00,Broadway/35th St,3.008799
2021-10-26 03:00:00,Queens College,2.350176
2021-10-26 03:00:00,Cross Bronx Expy,3.20055
2021-10-26 03:00:00,Queensboro Bridge,2.792037
2021-10-26 03:00:00,Williamsburg Bridge,3.308931
2021-10-26 03:00:00,Manhattan Bridge,2.983788
2021-10-26 04:00:00,Broadway/35th St,3.9624705
2021-10-26 04:00:00,Queens College,2.718246
2021-10-26 04:00:00,Cross Bronx Expy,3.486492
2021-10-26 04:00:00,Queensboro Bridge,2.901957
2021-10-26 04:00:00,Williamsburg Bridge,4.605459
2021-10-26 04:00:00,Manhattan Bridge,4.1628825
2021-10-26 05:00:00,Broadway/35th St,5.1851265
2021-10-26 05:00:00,Queens College,2.5268055
2021-10-26 05:00:00,Cross Bronx Expy,3.421272
2021-10-26 05:00:00,Queensboro Bridge,3.6469785
2021-10-26 05:00:00,Williamsburg Bridge,5.5362255
2021-10-26 05:00:00,Manhattan Bridge,4.4494905
2021-10-26 06:00:00,Broadway/35th St,4.3852335
2021-10-26 06:00:00,Queens College,2.485584
2021-10-26 06:00:00,Cross Bronx Expy,3.1466955
2021-10-26 06:00:00,Queensboro Bridge,3.757596
2021-10-26 06:00:00,Williamsburg Bridge,4.276443
2021-10-26 06:00:00,Manhattan Bridge,3.5985945
2021-10-26 07:00:00,Broadway/35th St,5.019459
2021-10-26 07:00:00,Queens College,2.671239
2021-10-26 07:00:00,Cross Bronx Expy,3.4176375
2021-10-26 07:00:00,Queensboro Bridge,3.9040545
2021-10-26 07:00:00,Williamsburg Bridge,4.3736985
2021-10-26 07:00:00,Manhattan Bridge,4.650453
2021-10-26 08:00:00,Broadway/35th St,5.98416
2021-10-26 08:00:00,Queens College,2.555124
2021-10-26 08:00:00,Cross Bronx Expy,3.109821
2021-10-26 08:00:00,Queensboro Bridge,4.336878
2021-10-26 08:00:00,Williamsburg Bridge,6.068205
2021-10-26 08:00:00,Manhattan Bridge,5.4714855
